id,prediction
0,"Prompt: Which of the following statements accurately describes the impact of Modified Newtonian Dynamics (MOND) on the observed ""missing baryonic mass"" discrepancy in galaxy clusters?
Answer: The missing baryonic mass discrepancy is due to the"
1,"Prompt: Which of the following is an accurate definition of dynamic scaling in self-similar systems?
Answer: The following is an accurate definition of dynamic scaling in self-similar systems.
The following is an accurate definition of dynamic scaling in self"
2,"Prompt: Which of the following statements accurately describes the origin and significance of the triskeles symbol?
Answer: The triskeles symbol is a symbol of the triskeles. The triskeles symbol is a symbol"
3,"Prompt: What is the significance of regularization in terms of renormalization problems in physics?
Answer: The renormalization problem is a problem of the form of a function that is not a function of the form of a function. The"
4,"Prompt: Which of the following statements accurately describes the relationship between the dimensions of a diffracting object and the angular spacing of features in the diffraction pattern?
Answer: The following statements are true for the following two dimensions:
The following"
5,"Prompt: Which of the following statements accurately depicts the relationship between Gauss's law, electric flux, electric field, and symmetry in electric fields?
Answer: Gauss's law is a generalization of the law of motion. It is a"
6,"Prompt: Which of the following statements accurately describes the dimension of an object in a CW complex?
Answer: The following statements accurately describe the dimension of an object in a CW complex.
1. The object is a CW complex.
2"
7,"Prompt: Which of the following statements accurately describes the blocking temperature of an antiferromagnetic layer in a spin valve?
Answer: The following statements accurately describe the blocking temperature of an antiferromagnetic layer in a spin valve.
The"
8,"Prompt: What is the term used in astrophysics to describe light-matter interactions resulting in energy shifts in the radiation field?
Answer: The term ""energy shift"" is used to describe the energy changes in the radiation field that occur when a"
9,"Prompt: What is the role of axioms in a formal theory?
Answer: The axioms are the fundamental principles of a formal theory. They are the fundamental principles of a formal theory that are applied to the theory of the theory"
10,"Prompt: What did Fresnel predict and verify with regards to total internal reflections?
Answer: Fresnel's prediction was based on the assumption that the internal reflections of the lens are not reflected by the lens. This assumption was based on the assumption"
11,"Prompt: What is the relationship between the Wigner function and the density matrix operator?
Answer: The Wigner function is a function that takes a matrix and returns a matrix of the same type as the matrix. The density matrix operator"
12,"Prompt: What is one of the examples of the models proposed by cosmologists and theoretical physicists without the cosmological or Copernican principles that can be used to address specific issues in the Lambda-CDM model and distinguish between current models and other possible models?
Answer: The"
13,"Prompt: What is the Roche limit?
Answer: The Roche limit is the maximum amount of oxygen that can be released from a given molecule. The Roche limit is the maximum amount of oxygen that can be released from a given molecule.
The"
14,"Prompt: What is Martin Heidegger's view on the relationship between time and human existence?
Answer: Heidegger's view is that human existence is a process of time, and that time is a process of human existence. Heide"
15,"Prompt: What is the ""ultraviolet catastrophe""?
Answer: The ""ultraviolet catastrophe"" is a term used to describe the phenomenon of a phenomenon that is not visible to the naked eye. The term ""ultraviolet catastrophe"" is used to"
16,"Prompt: What is the most popular explanation for the shower-curtain effect?
Answer: The shower-curtain effect is a phenomenon that occurs when a shower curtain is placed on the ground. The curtain is placed on the ground to prevent"
17,"Prompt: What is the butterfly effect?
Answer: The butterfly effect is the effect of the sun's rays on the earth's surface. The sun's rays are reflected back into space, and the earth's surface is covered with the sun's"
18,"Prompt: What is the'reactive Leidenfrost effect' observed in non-volatile materials?
Answer: The reactive Leidenfrost effect is a phenomenon that occurs when a material is exposed to a high temperature, such as"
19,"Prompt: What is reciprocal length or inverse length?
Answer:
The reciprocal length is the length of the reciprocal of the two numbers.
The inverse length is the length of the inverse of the two numbers.
The reciprocal of the two"
20,"Prompt: Which of the following statements is true about the categorization of planetary systems according to their orbital dynamics?
Answer: The following statements are true about the categorization of planetary systems according to their orbital dynamics.
1. The orbital dynamics"
21,"Prompt: What is the propagation constant in sinusoidal waves?
Answer: The propagation constant is the ratio of the sinusoidal wave amplitude to the amplitude of the wave.
The propagation constant is the ratio of the sinusoidal wave"
22,"Prompt: What is the gravitomagnetic interaction?
Answer: The gravitomagnetic interaction is a phenomenon that occurs when a magnetic field is applied to a material. The magnetic field is applied to a material and the material is subjected to"
23,"Prompt: What did Newton's manuscripts of the 1660s show?
Answer: The manuscripts show that Newton was a very good mathematician. He was a very good mathematician. He was a very good mathematician. He was a very good mathematician."
24,"Prompt: What is the decay energy for the free neutron decay process?
Answer: The decay energy is the energy of the free neutron decay process.
The free neutron decay process is the process of the free neutron decay process.
The free"
25,"Prompt: What is Hesse's principle of transfer in geometry?
Answer: Hesse's principle of transfer is that the geometry of a triangle is a triangle.
Hesse's principle of transfer is that the geometry of a triangle is a"
26,"Prompt: What is the relationship between the Cauchy momentum equation and the Navier-Stokes equation?
Answer: The Cauchy momentum equation is the equation that describes the relationship between the momentum of a moving object and its velocity."
27,"Prompt: What is X-ray pulsar-based navigation (XNAV)?
Answer: XNAV is a new type of X-ray pulsar-based navigation system that uses a combination of X-ray and X-ray"
28,"Prompt: What is the evidence for the existence of a supermassive black hole at the center of the Milky Way galaxy?
Answer: The evidence for a supermassive black hole is strong. The evidence for a supermassive black hole is strong."
29,"Prompt: What is the function of the fibrous cardiac skeleton?
Answer: The fibrous cardiac skeleton is a complex structure that includes the heart, lungs, and other organs. It is composed of a number of small, interconnected structures, called"
30,"Prompt: What is the Carnot engine?
Answer: The Carnot engine is a small, lightweight, and powerful engine that uses a single, high-pressure, high-pressure, high-pressure, high-pressure, high-pressure"
31,"Prompt: Which mathematical function is commonly used to characterize linear time-invariant systems?
Answer: The term linear time-invariant is used to describe the time-invariant system of a system.
The term linear time"
32,"Prompt: What is the second law of thermodynamics?
Answer: The second law of thermodynamics is that the temperature of a substance is proportional to its mass.
The second law of thermodynamics is that the temperature of a substance is proportional"
33,"Prompt: What are amorphous ferromagnetic metallic alloys, and what are their advantages?
Answer: They are very good at producing a very high voltage. They are very good at producing a very high voltage. They are very good"
34,"Prompt: What is the Penrose process?
Answer: The Penrose process is a process of removing the stem cells from the stem cells of a living organism. The stem cells are removed from the body and then the stem cells are removed from"
35,"Prompt: What was the aim of the Gravity Probe B (GP-B) mission?
Answer: The mission was to investigate the origin of the universe. The mission was to find out what happened to the universe.
The mission was to"
36,"Prompt: What was Pierre de Fermat's solution to the problem of refraction?
Answer: The problem of refraction is a problem of refraction. It is a problem of refraction that is not a problem of refraction. It"
37,"Prompt: What is the reason behind the adoption of a logarithmic scale of 5√100 ≈ 2.512 between magnitudes in astronomy?
Answer: The logarithmic scale of 5√100 is the ratio"
38,"Prompt: What is the spin quantum number?
Answer: The spin quantum number is the number of particles in a system.
The spin quantum number is the number of particles in a system.
The spin quantum number is the number of particles"
39,"Prompt: What is the synapstor or synapse transistor?
Answer: The synapstor is a transistor that is connected to a voltage regulator. The voltage regulator is a small piece of wire that is connected to a voltage regulator"
40,"Prompt: What is spontaneous symmetry breaking?
Answer: It is a phenomenon that occurs when two or more particles are in a state of spontaneous symmetry. The particles are in a state of spontaneous symmetry when they are in a state of spontaneous symmetry."
41,"Prompt: What is the proper distance for a redshift of 8.2?
Answer: The correct distance is 8.2.
The correct distance is 8.2. The correct distance is 8.2. The correct distance is 8"
42,"Prompt: Who was the first to determine the velocity of a star moving away from the Earth using the Doppler effect?
Answer: The Doppler effect is a phenomenon that occurs when a star's light travels through a star's atmosphere"
43,"Prompt: What is the information loss paradox in black holes?
Answer: The information loss paradox is a paradox that arises when a black hole is destroyed by a neutron star. The information loss paradox is a paradox that arises when a black hole is"
44,"Prompt: What is the Kutta condition?
Answer: The Kutta condition is a condition that is caused by the body's inability to produce sufficient energy to produce the necessary energy for the body to function properly. The body is unable to produce"
45,"Prompt: What is classical mechanics?
Answer: Classical mechanics is the study of the laws of motion of a system. Classical mechanics is the study of the laws of motion of a system.
The classical mechanics of a system is the laws of"
46,"Prompt: Who shared the other half of the Nobel Prize with Yoichiro Nambu for discovering the origin of the explicit breaking of CP symmetry in the weak interactions?
Answer: The Nobel Prize was given to Nambu for his discovery"
47,"Prompt: What are some models that attempt to account for all observations without invoking supplemental non-baryonic matter?
Answer: The model that I am using is the one that I am using to calculate the mass of the universe. The model"
48,"Prompt: What is the purpose of the proximity-focusing design in a RICH detector?
Answer: The proximity-focusing design is a simple, yet effective, way to measure the distance between two objects. The distance between two objects"
49,"Prompt: What is a light-year?
Answer: A light-year is a time when the sun is at its brightest. It is the time when the sun is at its lowest point.
The sun is at its lowest point when"
50,"Prompt: What is the main advantage of ferroelectric memristors?
Answer: The main advantage of ferroelectric memristors is that they are more efficient than conventional magnetic induction.
Ferroelectric memristors are more efficient"
51,"Prompt: What is the term used to describe the conduction that occurs in non-crystalline semiconductors by charges quantum tunnelling from one localised site to another?
Answer: The conduction is a process of quantum tun"
52,"Prompt: What is resistivity?
Answer: Resistivity is the ability to resist the force of gravity. Resistivity is the ability to resist the force of gravity.
The force of gravity is the force of gravity.
The force of"
53,"Prompt: What did Newton adopt after his correspondence with Hooke in 1679-1680?
Answer: Newton was a man of great integrity and integrity. He was a man of great integrity and integrity. He was a man of great integrity"
54,"Prompt: What is the metallicity of Kapteyn's star estimated to be?
Answer: The star is estimated to be about 1.5 million light years from Earth.
Kapteyn's star is estimated to be"
55,"Prompt: What is the SI base unit of time and how is it defined?
Answer: The SI base unit of time is the time of day. The SI base unit of time is the time of day. The SI base unit of time"
56,"Prompt: What is a planetary system?
Answer: A planetary system is a system of planets orbiting a star. The planets are called planets because they are located in the habitable zone of a star.
Planet: What is a planet?
"
57,"Prompt: What is the result of the collapse of a cavitation bubble?
Answer: The collapse of a cavitation bubble is a phenomenon that occurs when a bubble is inflated by a force. The bubble is inflated by a force, and the"
58,"Prompt: Who was Giordano Bruno?
Answer: Giordano Bruno was a French mathematician who was the first to use the term ""quantum"" in his work. He was a member of the French National Institute of Science and Technology"
59,"Prompt: What are the Navier-Stokes equations?
Answer: The Navier-Stokes equations are the equations that describe the relationship between the two points of the compass. The equations are the equations that describe the relationship between the two"
60,"Prompt: What is the revised view of the atmosphere's nature based on the time-varying multistability that is associated with the modulation of large-scale processes and aggregated feedback of small-scale processes?
Answer: The revised"
61,"Prompt: What is the reason that it is nearly impossible to see light emitted at the Lyman-alpha transition wavelength from a star farther than a few hundred light years from Earth?
Answer: The Lyman-alpha transition is the most common"
62,"Prompt: What is a Schwarzschild black hole?
Answer: A Schwarzschild black hole is a black hole that is not a black hole at all. It is a black hole that is not a black hole at all. It is a black"
63,"Prompt: What is the definition of Atomristor?
Answer: The term is used to describe a set of atoms that are arranged in a way that is not symmetrical. The atoms are arranged in a way that is not symmetrical."
64,"Prompt: Who published the first theory that was able to encompass previously separate field theories to provide a unifying theory of electromagnetism?
Answer: The first theory was published in the early 1960s by the physicist and physicist, Albert Einstein"
65,"Prompt: What is the relevant type of coherence for the Young's double-slit interferometer?
Answer: The Young's double-slit interferometer is a double-slit interferometer that is designed to measure"
66,"Prompt: What is the Peierls bracket in canonical quantization?
Answer: The Peierls bracket is a set of quantization rules that are used to define the canonical quantization rules for a set of quantization rules. The canonical"
67,"Prompt: What is the isophotal diameter used for in measuring a galaxy's size?
Answer: The isophotal diameter is the diameter of the galaxy's mass. The isophotal diameter is the diameter of the galaxy's mass."
68,"Prompt: What is the Maxwell's Demon thought experiment?
Answer: The Maxwell's Demon thought experiment is a method of thinking about the nature of matter. It is a method of thinking about the nature of matter. It is a method of thinking"
69,"Prompt: What is the application of Memristor?
Answer: Memristor is a new application of the Memristor protocol. It is a new protocol for the Memristor protocol. It is a new protocol for the Memrist"
70,"Prompt: What is the effect generated by a spinning superconductor?
Answer: The effect of a spinning superconductor is the amount of energy that is generated by the superconductor. The energy generated by a spinning superconductor is"
71,"Prompt: What is the main focus of cryogenic and noble liquid detectors in dark matter experiments?
Answer: The main focus of cryogenic and noble liquid detectors in dark matter experiments is the detection of the presence of dark matter. The detection of"
72,"Prompt: What is a pycnometer?
Answer: A pycnometer is a device that measures the temperature of a liquid. It is used to measure the temperature of a liquid. It is used to measure the temperature of a liquid."
73,"Prompt: What is the estimated redshift of CEERS-93316, a candidate high-redshift galaxy observed by the James Webb Space Telescope?
Answer: The redshift of the galaxy is estimated to be about 1.5 times"
74,"Prompt: What is bollard pull primarily used for measuring?
Answer: Bollard pull is a measure of the strength of a rope. It is used to measure the length of a rope.
Bollard pull is a measure"
75,"Prompt: What is the piezoelectric strain coefficient for AT-cut quartz crystals?
Answer: The piezoelectric strain coefficient is the ratio of the total number of atoms in the crystal to the number of atoms in the"
76,"Prompt: What is the difference between probability mass function (PMF) and probability density function (PDF)?
Answer: PMF is a measure of the number of possible values of a given number of possible values of a given number of possible values"
77,"Prompt: How do the Lunar Laser Ranging Experiment, radar astronomy, and the Deep Space Network determine distances to the Moon, planets, and spacecraft?
Answer: The Lunar Laser Ranging Experiment (LRL) is a NASA-funded project"
78,"Prompt: What is the Ozma Problem?
Answer: The Ozma Problem is a problem that is caused by the fact that the world is not always as it seems. The world is not always as it seems. The world is not always"
79,"Prompt: What is a Hilbert space in quantum mechanics?
Answer: A Hilbert space is a space in which the quantum field of a particle is not a Hilbert space.
A Hilbert space is a space in which the quantum field of a particle"
80,"Prompt: What is the significance of the speed of light in vacuum?
Answer: The speed of light is the speed of light.
The speed of light is the speed of light.
The speed of light is the speed of light."
81,"Prompt: What is the term used to describe the proportionality factor to the Stefan-Boltzmann law that is utilized in subsequent evaluations of the radiative behavior of grey bodies?
Answer: The Stefan-Boltzmann law is"
82,"Prompt: What is the reason for the formation of stars exclusively within molecular clouds?
Answer: The formation of stars is a process of molecular evolution. The formation of stars is a process of molecular evolution.
The formation of stars is a process"
83,"Prompt: What is the identity operation in symmetry groups?
Answer: The identity operation is a group of symmetric groups.
The symmetric group is a group of symmetric groups.
The symmetric group is a group of symmetric"
84,"Prompt: What is a regular polytope?
Answer: A polytope is a polytope that is made up of two or more polymers. The polymers are made up of two or more polymers. The polymers"
85,"Prompt: What is the reason behind the largest externally observed electrical effects when two conductors are separated by the smallest distance without touching?
Answer: The largest electrical effects are caused by the separation of two conductors. The smallest distance between two conduct"
86,"Prompt: What is the formalism that angular momentum is associated with in rotational invariance?
Answer: The formalism is that angular momentum is associated with angular momentum.
The formalism is that angular momentum is associated with angular momentum."
87,"Prompt: Which hand should be used to apply the right-hand rule when tightening or loosening nuts, screws, bolts, bottle caps, and jar lids?
Answer: The right-hand rule is the one that is used when tightening"
88,"Prompt: What is the Minkowski diagram used for?
Answer: The Minkowski diagram is a diagram of the world in which the world is divided into two parts. The first part is the world of the two parts, and the"
89,"Prompt: What are the two main interpretations for the disparity between the presence of matter and antimatter in the observable universe?
Answer: The two main interpretations are that matter and antimatter are not in the observable universe, and that matter and antim"
90,"Prompt: What is the Ramsauer-Townsend effect?
Answer: The Ramsauer-Townsend effect is a phenomenon that occurs when a team's offense is underperforming. The Ramsauer-Townsend effect is a phenomenon that occurs when"
91,"Prompt: What is Minkowski space?
Answer: Minkowski space is a space that is not a space, but a space that is a space.
Minkowski space is a space that is not a space, but a"
92,"Prompt: What is the Optical Signal-to-Noise Ratio (OSNR)?
Answer: The optical signal-to-noise ratio (OSNR) is the ratio of the signal strength to the optical signal strength. The OSNR"
93,"Prompt: What is the interpretation of supersymmetry in stochastic supersymmetric theory?
Answer: The interpretation of supersymmetry is that the supersymmetric system is a supersymmetric system with a symmetric topology. The"
94,"Prompt: What is the purpose of expressing a map's scale as a ratio, such as 1:10,000?
Answer: The scale of a map is a function of its size. The scale of a map is a function of its"
95,"Prompt: What is the main sequence in astronomy?
Answer: The main sequence is the sequence of the stars that are in the constellation of Sagittarius. The stars are called the ""stars of the sky"" because they are the stars of"
96,"Prompt: Who proposed the concept of ""maximal acceleration""?
Answer: The idea of ""maximal acceleration"" is a concept that has been around for a long time. It is a concept that has been around for a long time. It"
97,"Prompt: What is indirect photophoresis?
Answer: Photophoresis is the process of photophoresis that occurs when a person's eyes are closed. It is a process that occurs when the eyes are closed and the body"
98,"Prompt: What does Earnshaw's theorem state?
Answer: It states that the probability of a given event occurring is the probability that the event will occur.
The probability of a given event occurring is the probability that the event will occur."
99,"Prompt: What is radiosity in radiometry?
Answer: Radiosity is the measurement of the amount of energy that is emitted by a given object. Radiometry is a measurement of the amount of energy that is emitted by a given object"
100,"Prompt: What is a virtual particle?
Answer: A virtual particle is a particle that is not a particle at all. It is a particle that is not a particle at all.
Answer: A virtual particle is a particle that is not"
101,"Prompt: Who proposed the principle of ""complexity from noise"" and when was it first introduced?
Answer: The first principle of ""complexity from noise"" was introduced by the French mathematician and philosopher, Jean-Jacques Rousseau."
102,"Prompt: What is the order parameter that breaks the electromagnetic gauge symmetry in superconductors?
Answer: The order parameter is the number of electrons in the superconducting material. The order parameter is the number of electrons in the superconducting"
103,"Prompt: What is the reason for the sun appearing slightly yellowish when viewed from Earth?
Answer: The sun is a bright star that is about 1.5 million years old. It is the brightest star in the sky. It is about"
104,"Prompt: What is the Landau-Lifshitz-Gilbert equation used for in physics?
Answer: The equation is a simple one. It is a simple equation that is used to calculate the energy of a particle. It is"
105,"Prompt: What is spatial dispersion?
Answer: It is the amount of time that a given object moves in a given direction.
Solution: It is the amount of time that a given object moves in a given direction.
Solution:"
106,"Prompt: What are the constituents of cold dark matter?
Answer: The cold dark matter is a type of particle that is very close to the core of the universe. It is a very small particle that is very close to the core of the"
107,"Prompt: What is the mechanism of FTIR?
Answer: FTIR is a mechanism for detecting and detecting the presence of a radio frequency signal. It is a mechanism for detecting and detecting the presence of radio frequency signals.
The radio frequency"
108,"Prompt: What is the origin of the permanent moment in paramagnetism?
Answer: The origin of the permanent moment in paramagnetism is the fact that the state is not a state of existence, but a state of existence."
109,"Prompt: What is the reason that Newton's second law cannot be used to calculate the development of a physical system in quantum mechanics?
Answer: The second law of thermodynamics is that the system is not a physical system. It is a quantum"
110,"Prompt: What is the butterfly effect, as defined by Lorenz in his book ""The Essence of Chaos""?
Answer: The butterfly effect is a phenomenon that occurs when a butterfly is attracted to a particular object. It is a phenomenon that occurs"
111,"Prompt: What is the role of CYCLOIDEA genes in the evolution of bilateral symmetry?
Answer: CYCLOIDEA genes are involved in the regulation of the symmetry of the two hemispheres. The role of CYCL"
112,"Prompt: What is the required excess quark per billion quark-antiquark pairs in the early universe in order to provide all the observed matter in the universe?
Answer: The required excess quark pairs in the early universe are:"
113,"Prompt: What is the meaning of the term ""horror vacui""?
Answer: The term ""horror vacui"" is a term used to describe a situation in which a person is unable to see or hear the outside world. It"
114,"Prompt: What is the Droste effect?
Answer: Droste is a phenomenon that occurs when a substance is heated to a high temperature. The temperature of the substance is the temperature at which the substance is heated. The temperature of the substance"
115,"Prompt: What is water hammer?
Answer: Water hammer is a tool that can be used to hammer a piece of wood. It is a tool that can be used to hammer a piece of wood. It is a tool that can be used"
116,"Prompt: What is the reason for the stochastic nature of all observed resistance-switching processes?
Answer: The stochastic nature of all observed resistance-switching processes is that they are not always synchronized. For example, when"
117,"Prompt: What is the Einstein@Home project?
Answer: The Einstein@Home project is a project to create a new type of computer that can be used to create a computer that can be used to create a computer that can be used to"
118,"Prompt: What happens to an initially inhomogeneous physical system that is isolated by a thermodynamic operation?
Answer: The system is isolated by a thermodynamic operation.
The thermodynamic operation is the operation of the system to produce a certain"
119,"Prompt: What is the concept of simultaneity in Einstein's book, Relativity?
Answer: The concept of simultaneity is a concept that is not a concept of the universe. It is a concept that is not a concept of the universe"
120,"Prompt: What is the Josephson effect?
Answer: The Josephson effect is the effect of the fact that the Church has been organized in a way that is consistent with the principles of the Church. The Church has been organized in a way"
121,"Prompt: What is the SI unit of the physical quantity m/Q?
Answer: The SI unit of the physical quantity m/Q is the unit of the physical quantity m/Q.
The SI unit of the physical quantity m/"
122,"Prompt: How many crystallographic point groups are there in three-dimensional space?
Answer: The number of points in three-dimensional space is determined by the number of points in the three-dimensional space.
The number of points in three"
123,"Prompt: What is the Liouville density?
Answer: The density of the Liouville is the density of the air in the atmosphere.
The density of air in the atmosphere is the density of air in the atmosphere.
The"
124,"Prompt: What are the four qualitative levels of crystallinity described by geologists?
Answer: The four qualitative levels of crystallinity are:
1) The crystalline state of the crystalline state of the crystalline state of the crystalline"
125,"Prompt: What is an order parameter?
Answer: An order parameter is a list of values that are passed to the function.
Example:
function foo(x, y) { return x + y; }
The order parameter is"
126,"Prompt: What is the significance of the discovery of the Crab pulsar?
Answer: The discovery of the Crab pulsar is a major milestone in the search for the origin of life on Earth. The discovery of the Crab pulsar is a"
127,"Prompt: What is the De Haas-Van Alphen effect?
Answer: The De Haas-Van Alphen effect is a phenomenon that occurs when the body's immune system is activated to attack a specific type of cancer. The body's immune"
128,"Prompt: What is a ""coffee ring"" in physics?
Answer: A coffee ring is a device that allows you to measure the amount of energy in a substance. It is a device that allows you to measure the amount of energy in"
129,"Prompt: What is the significance of probability amplitudes in quantum mechanics?
Answer: The probability of a particle being detected by a quantum field is the probability that it will be detected by a quantum field.
The probability of a particle being detected"
130,"Prompt: What is the relationship between the amplitude of a sound wave and its loudness?
Answer: The amplitude of a sound wave is the amplitude of the sound wave.
The amplitude of a sound wave is the amplitude of the sound wave"
131,"Prompt: What are coherent turbulent structures?
Answer: The structure of a turbulent system is a series of turbulent states. The turbulent states are the states of the system that are in motion. The turbulent states are the states of the system that are"
132,"Prompt: What is the main factor that determines the occurrence of each type of supernova?
Answer: The main factor is the number of stars in the universe. The number of stars in the universe is the number of stars in the universe that"
133,"Prompt: What is the Erlangen program?
Answer: Erlangen is a program that is written in Erlang. It is a program that is written in Erlang. It is a program that is written in Erlang. It"
134,"Prompt: What is emissivity?
Answer: Emissivity is the act of accepting the truth of something. It is the act of accepting the truth of something.
The word emissivity is used to describe the act of accepting"
135,"Prompt: Who was the first person to describe the pulmonary circulation system?
Answer: The first person to describe the pulmonary circulation system was Dr. William H. H. Haldeman, Jr., of the University of California, San Francisco."
136,"Prompt: What is the fate of a carbocation formed in crystalline naphthalene?
Answer: The carbocation is formed by the formation of a crystalline naphthalene.
The carbocation is formed by the formation of"
137,"Prompt: What is the main focus of the Environmental Science Center at Qatar University?
Answer: The main focus of the Environmental Science Center at Qatar University is to develop and implement a comprehensive and comprehensive environmental science program that will address the environmental impacts of"
138,"Prompt: What is the purpose of obtaining surgical resection specimens?
Answer: The purpose of obtaining surgical resection specimens is to obtain a specimen of the patient's own blood.
The purpose of obtaining surgical resection specimens is to obtain a"
139,"Prompt: What is the function of mammary glands in mammals?
Answer: Mammary glands are the most important organ in the body. They are responsible for the production of hormones, hormones that are needed for the body to function properly. Mamm"
140,"Prompt: What is the relationship between interstellar and cometary chemistry?
Answer: The relationship between interstellar and cometary chemistry is a complex one. The most important question is whether the two are related. The answer is yes, but the question is"
141,"Prompt: What is the reason for recycling rare metals according to the United Nations?
Answer: The United Nations has a long list of criteria for recycling rare metals. The list includes:

The number of rare metals in the world,
"
142,"Prompt: What is radiometric dating?
Answer: The radiometric dating system is a system of dating the physical properties of objects in the universe. It is based on the idea that the physical properties of objects are determined by the laws of physics"
143,"Prompt: What is the role of methane in Fischer-Tropsch processes?
Answer: The methane in Fischer-Tropsch processes is a mixture of methane and carbon dioxide. The methane is released by the Fischer-Tropsch process"
144,"Prompt: What is a phageome?
Answer: A phageome is a collection of cells that are present in the body. The cells are called phages and are responsible for the body's immune system.
Phages are the"
145,"Prompt: What is organography?
Answer: It is a technique that allows you to see the blood vessels in your body. It is a technique that allows you to see the blood vessels in your body.
The blood vessels are the vessels"
146,"Prompt: What is the definition of anatomy?
Answer: The term ""body"" is used to describe the body of a person. The body is the part of the body that is the most important part of the body. The body is the"
147,"Prompt: What is a trophic level in an ecological pyramid?
Answer: The trophic level is the level of the organism's ability to survive in a given environment. The trophic level is the level of the organism's"
148,"Prompt: What is a crossover experiment?
Answer: A crossover experiment is a study of a group of people who have been exposed to a particular type of drug. The drug is a combination of drugs that are similar in their effects and effects on"
149,"Prompt: What is the role of IL-10 in the formation of Tr1 cells and tolerogenic DCs?
Answer: IL-10 is a major regulator of the formation of Tr1 cells and is involved in the regulation of the expression"
150,"Prompt: What is the reason behind the designation of Class L dwarfs, and what is their color and composition?
Answer: The designation of Class L dwarfs is based on the fact that they are dwarfs. They are not dwarfs"
151,"Prompt: What was Isaac Newton's explanation for rectilinear propagation of light?
Answer: Newton's theory of gravity was based on the idea that the light from a given point in space is the same as the light from a given point"
152,"Prompt: What is the relationship between chemical potential and quarks/antiquarks?
Answer: The relationship between chemical potential and quarks/antiquarks is a complex one. The most common quark is quarks, which are the"
153,"Prompt: What is the American Petroleum Institute (API) gravity?
Answer: The American Petroleum Institute (API) is a non-profit organization that promotes the use of natural gas and natural gas-fired power plants. The American Petroleum Institute is"
154,"Prompt: What are the two main factors that cause resistance in a metal?
Answer: The two main factors are:
1. Metal is a very strong conductor.
2. Metal is a very weak conductor.
3. Metal is"
155,"Prompt: What is the significance of the redshift-distance relationship in determining the expansion history of the universe?
Answer: The redshift-distance relationship is a measure of the expansion of the universe. It is a measure of the expansion of"
156,"Prompt: What is the Evans balance?
Answer: The Evans balance is the amount of money that you have to spend to get to the next level.
The Evans balance is the amount of money that you have to spend to get to the"
157,"Prompt: What is the definition of dimension in mathematics?
Answer: The term dimension is used to describe the number of dimensions in a set of numbers.
The definition of dimension is used to describe the number of dimensions in a set of numbers"
158,"Prompt: What is accelerator-based light-ion fusion?
Answer: The idea is to create a fusion reactor that can be used to produce energy from a single photon. The reactor is a fusion reactor that is designed to produce energy from a"
159,"Prompt: What is the interstellar medium (ISM)?
Answer: The interstellar medium is a type of particle that is made up of a number of particles. The particles are made up of a number of different types of particles. The particles are made"
160,"Prompt: What is the significance of the change in slope of the pinched hysteresis curves in ReRAM and other forms of two-terminal resistance memory?
Answer: The change in slope of the pinched hysteresis"
161,"Prompt: What is geometric quantization in mathematical physics?
Answer: It is a mathematical method for quantizing the properties of a system. It is a mathematical method for quantizing the properties of a system.
The mathematical method is a mathematical"
162,"Prompt: What is the definition of an improper rotation?
Answer: The rotation of the body is the rotation of the body.
The body is the body of the body.
The body is the body of the body.
The body"
163,"Prompt: What is power density in the context of energy systems, and how does it differ between renewable and non-renewable energy sources?
Answer: Power density is the ratio of the energy density of the energy source to the energy density"
164,"Prompt: What is Modified Newtonian Dynamics (MOND)?
Answer: Modified Newtonian Dynamics is a term that describes the process of changing the physical properties of a system. It is a term that describes the process of changing the physical properties of"
165,"Prompt: What is linear frame dragging?
Answer: It's a technique that allows you to drag a frame to a different position.
It's a technique that allows you to drag a frame to a different position.
It's a technique"
166,"Prompt: What is explicit symmetry breaking in theoretical physics?
Answer: The symmetry breaking principle is a fundamental principle of physics. It is a fundamental principle of physics that the laws of physics are not symmetric.
The symmetry breaking principle is a"
167,"Prompt: What is the role of the Higgs boson in the Standard Model?
Answer: The Higgs boson is a particle that is a particle that is a particle that is a particle that is a particle that is a particle that"
168,"Prompt: What is Lorentz symmetry or Lorentz invariance in relativistic physics?
Answer: Lorentz symmetry is a measure of the symmetry of a particle. It is a measure of the symmetry of a particle that is"
169,"Prompt: What is the significance of Baryon Acoustic Oscillations (BAOs) in the study of the universe?
Answer: The Baryon Acoustic Oscillations (BAO) are the most important and most important"
170,"Prompt: What can be inferred about the electronic entropy of insulators and metals based on their densities of states at the Fermi level?
Answer: The electronic entropy of insulators and metals is determined by the density of states at the"
171,"Prompt: What are permutation-inversion groups?
Answer:
A permutation group is a group of two or more permutations of a given value.
A permutation group is a group of two or more permutations of a"
172,"Prompt: What is the relationship between dielectric loss and the transparency of a material?
Answer: Dielectric loss is the loss of a material's transparency. The material's transparency is the amount of light that can be reflected from the"
173,"Prompt: What is the purpose of measuring the Larmor precession fields at about 100 microtesla with highly sensitive superconducting quantum interference devices (SQUIDs) in ultra-low field MRI?
Answer: The Larmor precession"
174,"Prompt: What is the difference between illuminance and luminance?
Answer: Illuminance is the light that is emitted from the source of the light. Luminance is the light that is emitted from the source of the light.
"
175,"Prompt: What is a magnetic monopole in particle physics?
Answer: A magnetic monopole is a particle that is not a particle at all. It is a particle that is not a particle at all. It is a particle that is not"
176,"Prompt: What is the difference between redshift due to the expansion of the universe and Doppler redshift?
Answer: The expansion of the universe is the result of the expansion of the universe. The expansion of the universe is the result"
177,"Prompt: What is the relationship between Coordinated Universal Time (UTC) and Universal Time (UT1)?
Answer: Coordinated Universal Time (UTC) is a time-based system that is used to coordinate the time of the Earth. It"
178,"Prompt: What is the reason for heating metals to a temperature just above the upper critical temperature?
Answer: The reason for heating metals to a temperature above the upper critical temperature is to prevent the oxidation of metals.
The reason for heating metals"
179,"Prompt: What is the cause of the observed change in the periods of moons orbiting a distant planet when measured from Earth?
Answer: The observed change in the period of moons orbiting a distant planet is due to the orbital motion of the planet."
180,"Prompt: What is the origin of the radio emission observed from supernova remnants?
Answer: The radio emission from supernova remnants is a result of the supernova explosion that occurred in the early universe. The radio emission is a result of the"
181,"Prompt: What is the relationship between the Hamiltonians and eigenstates in supersymmetric quantum mechanics?
Answer: The Hamiltonians are the most famous of the quantum mechanics community. They are the most famous of the quantum mechanics community because they"
182,"Prompt: What is the proposed name for the field that is responsible for cosmic inflation and the metric expansion of space?
Answer: The field is called the ""Cosmic Field.""
The field is called the ""Cosmic Field"" because it"
183,"Prompt: Which of the following statements accurately describes the characteristics of gravitational waves?
Answer: The following statements are true for all gravitational waves.
1. The gravitational wave is a gravitational wave.
2. The gravitational wave is a gravitational wave"
184,"Prompt: What is the difference between the coevolution of myrmecophytes and the mutualistic symbiosis of mycorrhiza?
Answer: The coevolution of myrmecophytes and the mutualistic symbiosis of"
185,"Prompt: What is the Kelvin-Helmholtz instability and how does it affect Earth's magnetosphere?
Answer: The Kelvin-Helmholtz instability is a phenomenon that occurs when the Earth's magnetic field is at a constant rate"
186,"Prompt: What is the significance of the high degree of fatty-acyl disorder in the thylakoid membranes of plants?
Answer: The thylakoid membranes are the most important organelles in the body. They are the"
187,"Prompt: What is the explanation for the effective supersymmetry in quark-diquark models?
Answer: The quark-diquark model is a supersymmetric model of the quark-diquark system. It"
188,"Prompt: What is the relationship between the complete electromagnetic Hamiltonian of a molecule and the parity operation?
Answer: The parity operation is the operation of the electron's spin. The electron spins in a certain way, and the spin of the electron"
189,"Prompt: What is the difference between active and passive transport in cells?
Answer: Active transport is the process of transferring information between cells. Passive transport is the process of transferring information between cells.
The following is a list of the most common"
190,"Prompt: What is the Heisenberg uncertainty principle and how does it relate to angular momentum in quantum mechanics?
Answer: The Heisenberg uncertainty principle is a mathematical concept that describes the uncertainty of a system's angular momentum. It is a"
191,"Prompt: What is the difference between natural convection and forced convection?
Answer: Natural convection is the process of convection that occurs when the air is forced to move through a convection chamber. The air is forced to move through"
192,"Prompt: What is magnetic susceptibility?
Answer: Magnetic susceptibility is the ability of a magnetic field to change the magnetic field of a magnetic field. Magnetic susceptibility is a measure of the strength of a magnetic field. Magnetic susceptibility is measured by the strength"
193,"Prompt: What is a transient condensation cloud, also known as a Wilson cloud?
Answer: A transient condensation cloud is a cloud of clouds that are formed by a process called condensation. The term transient condensation cloud is used to"
194,"Prompt: What is a uniform tiling in the hyperbolic plane?
Answer: A uniform tiling is a plane that is perpendicular to the plane of the hyperbolic plane.
A uniform tiling is a plane that is perpendicular"
195,"Prompt: What is the relation between the three moment theorem and the bending moments at three successive supports of a continuous beam?
Answer: The two moment theorem is the same as the bending moment theorem. The two moment theorem is the same as the"
196,"Prompt: What is the throttling process, and why is it important?
Answer: The throttling process is a process that is used to determine the amount of data that is being sent to the server. The server is responsible for sending the"
197,"Prompt: What happens to excess base metal as a solution cools from the upper transformation temperature towards an insoluble state?
Answer: The solution cools from the upper transformation temperature towards an insoluble state.
Cooling of the solution cool"
198,"Prompt: What is the relationship between mass, force, and acceleration, according to Sir Isaac Newton's laws of motion?
Answer: Mass is the force of gravity. Force is the force of gravity.
Mass is the force of gravity."
199,"Prompt: What did Arthur Eddington discover about two of Einstein's types of gravitational waves?
Answer: Einstein's theory of relativity was based on the theory of general relativity. The theory of general relativity is a theory of the laws of motion"
